-- MySQL dump 10.13  Distrib 5.7.12, for osx10.11 (x86_64)
--
-- Host: localhost    Database: compass
-- ------------------------------------------------------
-- Server version	5.7.12

/*!40101 SET @OLD_CHARACTER_SET_CLIENT=@@CHARACTER_SET_CLIENT */;
/*!40101 SET @OLD_CHARACTER_SET_RESULTS=@@CHARACTER_SET_RESULTS */;
/*!40101 SET @OLD_COLLATION_CONNECTION=@@COLLATION_CONNECTION */;
/*!40101 SET NAMES utf8 */;
/*!40103 SET @OLD_TIME_ZONE=@@TIME_ZONE */;
/*!40103 SET TIME_ZONE='+00:00' */;
/*!40014 SET @OLD_UNIQUE_CHECKS=@@UNIQUE_CHECKS, UNIQUE_CHECKS=0 */;
/*!40014 SET @OLD_FOREIGN_KEY_CHECKS=@@FOREIGN_KEY_CHECKS, FOREIGN_KEY_CHECKS=0 */;
/*!40101 SET @OLD_SQL_MODE=@@SQL_MODE, SQL_MODE='NO_AUTO_VALUE_ON_ZERO' */;
/*!40111 SET @OLD_SQL_NOTES=@@SQL_NOTES, SQL_NOTES=0 */;

--
-- Table structure for table `answer`
--

DROP TABLE IF EXISTS `answer`;
/*!40101 SET @saved_cs_client     = @@character_set_client */;
/*!40101 SET character_set_client = utf8 */;
CREATE TABLE `answer` (
  `id` bigint(20) NOT NULL AUTO_INCREMENT,
  `question_id` bigint(20) DEFAULT NULL,
  `search_id` bigint(20) DEFAULT NULL,
  PRIMARY KEY (`id`),
  KEY `FK_eix9du6u2r4wxwu415wq8yb99` (`question_id`),
  KEY `FK_4y07gmxvmpplqtrul9e0onv6o` (`search_id`),
  CONSTRAINT `FK_4y07gmxvmpplqtrul9e0onv6o` FOREIGN KEY (`search_id`) REFERENCES `search` (`id`),
  CONSTRAINT `FK_eix9du6u2r4wxwu415wq8yb99` FOREIGN KEY (`question_id`) REFERENCES `question` (`id`)
) ENGINE=InnoDB DEFAULT CHARSET=utf8;
/*!40101 SET character_set_client = @saved_cs_client */;

--
-- Dumping data for table `answer`
--

LOCK TABLES `answer` WRITE;
/*!40000 ALTER TABLE `answer` DISABLE KEYS */;
/*!40000 ALTER TABLE `answer` ENABLE KEYS */;
UNLOCK TABLES;

--
-- Table structure for table `answer_question_options`
--

DROP TABLE IF EXISTS `answer_question_options`;
/*!40101 SET @saved_cs_client     = @@character_set_client */;
/*!40101 SET character_set_client = utf8 */;
CREATE TABLE `answer_question_options` (
  `answer_id` bigint(20) NOT NULL,
  `question_options_id` bigint(20) NOT NULL,
  KEY `FK_b4u505bwo8t0r6o68prbg7f00` (`question_options_id`),
  KEY `FK_7cfh55j9sgwyumgi8muxfem2i` (`answer_id`),
  CONSTRAINT `FK_7cfh55j9sgwyumgi8muxfem2i` FOREIGN KEY (`answer_id`) REFERENCES `answer` (`id`),
  CONSTRAINT `FK_b4u505bwo8t0r6o68prbg7f00` FOREIGN KEY (`question_options_id`) REFERENCES `question_option` (`id`)
) ENGINE=InnoDB DEFAULT CHARSET=utf8;
/*!40101 SET character_set_client = @saved_cs_client */;

--
-- Dumping data for table `answer_question_options`
--

LOCK TABLES `answer_question_options` WRITE;
/*!40000 ALTER TABLE `answer_question_options` DISABLE KEYS */;
/*!40000 ALTER TABLE `answer_question_options` ENABLE KEYS */;
UNLOCK TABLES;

--
-- Table structure for table `course`
--

DROP TABLE IF EXISTS `course`;
/*!40101 SET @saved_cs_client     = @@character_set_client */;
/*!40101 SET character_set_client = utf8 */;
CREATE TABLE `course` (
  `id` bigint(20) NOT NULL AUTO_INCREMENT,
  `description` longtext,
  `name` varchar(255) DEFAULT NULL,
  PRIMARY KEY (`id`)
) ENGINE=InnoDB AUTO_INCREMENT=11 DEFAULT CHARSET=utf8;
/*!40101 SET character_set_client = @saved_cs_client */;

--
-- Dumping data for table `course`
--

LOCK TABLES `course` WRITE;
/*!40000 ALTER TABLE `course` DISABLE KEYS */;
INSERT INTO `course` VALUES (1,NULL,'Medical Analytics'),(2,NULL,'Administration'),(3,NULL,'Informatics'),(4,NULL,'Medicine'),(5,NULL,'Design'),(6,NULL,'Psychology'),(7,NULL,'Mechatronics'),(8,NULL,'Philology'),(9,NULL,'Finance and Accounting'),(10,NULL,'Pedagogy');
/*!40000 ALTER TABLE `course` ENABLE KEYS */;
UNLOCK TABLES;

--
-- Table structure for table `course_course_questions`
--

DROP TABLE IF EXISTS `course_course_questions`;
/*!40101 SET @saved_cs_client     = @@character_set_client */;
/*!40101 SET character_set_client = utf8 */;
CREATE TABLE `course_course_questions` (
  `course_id` bigint(20) NOT NULL,
  `course_questions_id` bigint(20) NOT NULL,
  UNIQUE KEY `UK_5ktqqbbuoy2t27chwxcd63qg2` (`course_questions_id`),
  KEY `FK_9gnurh1liiqshtwui43u1pp7i` (`course_id`),
  CONSTRAINT `FK_5ktqqbbuoy2t27chwxcd63qg2` FOREIGN KEY (`course_questions_id`) REFERENCES `course_question` (`id`),
  CONSTRAINT `FK_9gnurh1liiqshtwui43u1pp7i` FOREIGN KEY (`course_id`) REFERENCES `course` (`id`)
) ENGINE=InnoDB DEFAULT CHARSET=utf8;
/*!40101 SET character_set_client = @saved_cs_client */;

--
-- Dumping data for table `course_course_questions`
--

LOCK TABLES `course_course_questions` WRITE;
/*!40000 ALTER TABLE `course_course_questions` DISABLE KEYS */;
INSERT INTO `course_course_questions` VALUES (1,251),(1,252),(1,253),(1,254),(1,255),(1,256),(1,257),(1,258),(1,259),(1,260),(1,261),(1,262),(1,263),(1,264),(1,265),(1,266),(1,267),(1,268),(1,269),(1,270),(1,271),(1,272),(1,273),(1,274),(1,275),(1,276),(1,277),(1,278),(1,279),(1,280),(1,281),(1,282),(1,283),(1,284),(1,285),(1,286),(1,287),(1,288),(1,289),(1,290),(1,291),(1,292),(1,293),(1,294),(1,295),(1,296),(1,297),(1,298),(1,299),(1,300),(2,301),(2,302),(2,303),(2,304),(2,305),(2,306),(2,307),(2,308),(2,309),(2,310),(2,311),(2,312),(2,313),(2,314),(2,315),(2,316),(2,317),(2,318),(2,319),(2,320),(2,321),(2,322),(2,323),(2,324),(2,325),(2,326),(2,327),(2,328),(2,329),(2,330),(2,331),(2,332),(2,333),(2,334),(2,335),(2,336),(2,337),(2,338),(2,339),(2,340),(2,341),(2,342),(2,343),(2,344),(2,345),(2,346),(2,347),(2,348),(2,349),(2,350),(3,351),(3,352),(3,353),(3,354),(3,355),(3,356),(3,357),(3,358),(3,359),(3,360),(3,361),(3,362),(3,363),(3,364),(3,365),(3,366),(3,367),(3,368),(3,369),(3,370),(3,371),(3,372),(3,373),(3,374),(3,375),(3,376),(3,377),(3,378),(3,379),(3,380),(3,381),(3,382),(3,383),(3,384),(3,385),(3,386),(3,387),(3,388),(3,389),(3,390),(3,391),(3,392),(3,393),(3,394),(3,395),(3,396),(3,397),(3,398),(3,399),(3,400),(4,401),(4,402),(4,403),(4,404),(4,405),(4,406),(4,407),(4,408),(4,409),(4,410),(4,411),(4,412),(4,413),(4,414),(4,415),(4,416),(4,417),(4,418),(4,419),(4,420),(4,421),(4,422),(4,423),(4,424),(4,425),(4,426),(4,427),(4,428),(4,429),(4,430),(4,431),(4,432),(4,433),(4,434),(4,435),(4,436),(4,437),(4,438),(4,439),(4,440),(4,441),(4,442),(4,443),(4,444),(4,445),(4,446),(4,447),(4,448),(4,449),(4,450),(5,451),(5,452),(5,453),(5,454),(5,455),(5,456),(5,457),(5,458),(5,459),(5,460),(5,461),(5,462),(5,463),(5,464),(5,465),(5,466),(5,467),(5,468),(5,469),(5,470),(5,471),(5,472),(5,473),(5,474),(5,475),(5,476),(5,477),(5,478),(5,479),(5,480),(5,481),(5,482),(5,483),(5,484),(5,485),(5,486),(5,487),(5,488),(5,489),(5,490),(5,491),(5,492),(5,493),(5,494),(5,495),(5,496),(5,497),(5,498),(5,499),(5,500),(6,1),(6,2),(6,3),(6,4),(6,5),(6,6),(6,7),(6,8),(6,9),(6,10),(6,11),(6,12),(6,13),(6,14),(6,15),(6,16),(6,17),(6,18),(6,19),(6,20),(6,21),(6,22),(6,23),(6,24),(6,25),(6,26),(6,27),(6,28),(6,29),(6,30),(6,31),(6,32),(6,33),(6,34),(6,35),(6,36),(6,37),(6,38),(6,39),(6,40),(6,41),(6,42),(6,43),(6,44),(6,45),(6,46),(6,47),(6,48),(6,49),(6,50),(7,51),(7,52),(7,53),(7,54),(7,55),(7,56),(7,57),(7,58),(7,59),(7,60),(7,61),(7,62),(7,63),(7,64),(7,65),(7,66),(7,67),(7,68),(7,69),(7,70),(7,71),(7,72),(7,73),(7,74),(7,75),(7,76),(7,77),(7,78),(7,79),(7,80),(7,81),(7,82),(7,83),(7,84),(7,85),(7,86),(7,87),(7,88),(7,89),(7,90),(7,91),(7,92),(7,93),(7,94),(7,95),(7,96),(7,97),(7,98),(7,99),(7,100),(8,101),(8,102),(8,103),(8,104),(8,105),(8,106),(8,107),(8,108),(8,109),(8,110),(8,111),(8,112),(8,113),(8,114),(8,115),(8,116),(8,117),(8,118),(8,119),(8,120),(8,121),(8,122),(8,123),(8,124),(8,125),(8,126),(8,127),(8,128),(8,129),(8,130),(8,131),(8,132),(8,133),(8,134),(8,135),(8,136),(8,137),(8,138),(8,139),(8,140),(8,141),(8,142),(8,143),(8,144),(8,145),(8,146),(8,147),(8,148),(8,149),(8,150),(9,151),(9,152),(9,153),(9,154),(9,155),(9,156),(9,157),(9,158),(9,159),(9,160),(9,161),(9,162),(9,163),(9,164),(9,165),(9,166),(9,167),(9,168),(9,169),(9,170),(9,171),(9,172),(9,173),(9,174),(9,175),(9,176),(9,177),(9,178),(9,179),(9,180),(9,181),(9,182),(9,183),(9,184),(9,185),(9,186),(9,187),(9,188),(9,189),(9,190),(9,191),(9,192),(9,193),(9,194),(9,195),(9,196),(9,197),(9,198),(9,199),(9,200);
/*!40000 ALTER TABLE `course_course_questions` ENABLE KEYS */;
UNLOCK TABLES;

--
-- Table structure for table `course_question`
--

DROP TABLE IF EXISTS `course_question`;
/*!40101 SET @saved_cs_client     = @@character_set_client */;
/*!40101 SET character_set_client = utf8 */;
CREATE TABLE `course_question` (
  `id` bigint(20) NOT NULL AUTO_INCREMENT,
  `course_id` bigint(20) DEFAULT NULL,
  `question_id` bigint(20) DEFAULT NULL,
  PRIMARY KEY (`id`),
  KEY `FK_b7kt3ld1tjrmktxmro620rxmp` (`course_id`),
  KEY `FK_t3b0e2c6a0s2l8ujk8qrgcw7l` (`question_id`),
  CONSTRAINT `FK_b7kt3ld1tjrmktxmro620rxmp` FOREIGN KEY (`course_id`) REFERENCES `course` (`id`),
  CONSTRAINT `FK_t3b0e2c6a0s2l8ujk8qrgcw7l` FOREIGN KEY (`question_id`) REFERENCES `question` (`id`)
) ENGINE=InnoDB AUTO_INCREMENT=501 DEFAULT CHARSET=utf8;
/*!40101 SET character_set_client = @saved_cs_client */;

--
-- Dumping data for table `course_question`
--

LOCK TABLES `course_question` WRITE;
/*!40000 ALTER TABLE `course_question` DISABLE KEYS */;
INSERT INTO `course_question` VALUES (1,6,1),(2,6,2),(3,6,3),(4,6,4),(5,6,5),(6,6,6),(7,6,7),(8,6,8),(9,6,9),(10,6,10),(11,6,11),(12,6,12),(13,6,13),(14,6,14),(15,6,15),(16,6,16),(17,6,17),(18,6,18),(19,6,19),(20,6,20),(21,6,21),(22,6,22),(23,6,23),(24,6,24),(25,6,25),(26,6,26),(27,6,27),(28,6,28),(29,6,29),(30,6,30),(31,6,31),(32,6,32),(33,6,33),(34,6,34),(35,6,35),(36,6,36),(37,6,37),(38,6,38),(39,6,39),(40,6,40),(41,6,41),(42,6,42),(43,6,43),(44,6,44),(45,6,45),(46,6,46),(47,6,47),(48,6,48),(49,6,49),(50,6,50),(51,7,1),(52,7,2),(53,7,3),(54,7,4),(55,7,5),(56,7,6),(57,7,7),(58,7,8),(59,7,9),(60,7,10),(61,7,11),(62,7,12),(63,7,13),(64,7,14),(65,7,15),(66,7,16),(67,7,17),(68,7,18),(69,7,19),(70,7,20),(71,7,21),(72,7,22),(73,7,23),(74,7,24),(75,7,25),(76,7,26),(77,7,27),(78,7,28),(79,7,29),(80,7,30),(81,7,31),(82,7,32),(83,7,33),(84,7,34),(85,7,35),(86,7,36),(87,7,37),(88,7,38),(89,7,39),(90,7,40),(91,7,41),(92,7,42),(93,7,43),(94,7,44),(95,7,45),(96,7,46),(97,7,47),(98,7,48),(99,7,49),(100,7,50),(101,8,1),(102,8,2),(103,8,3),(104,8,4),(105,8,5),(106,8,6),(107,8,7),(108,8,8),(109,8,9),(110,8,10),(111,8,11),(112,8,12),(113,8,13),(114,8,14),(115,8,15),(116,8,16),(117,8,17),(118,8,18),(119,8,19),(120,8,20),(121,8,21),(122,8,22),(123,8,23),(124,8,24),(125,8,25),(126,8,26),(127,8,27),(128,8,28),(129,8,29),(130,8,30),(131,8,31),(132,8,32),(133,8,33),(134,8,34),(135,8,35),(136,8,36),(137,8,37),(138,8,38),(139,8,39),(140,8,40),(141,8,41),(142,8,42),(143,8,43),(144,8,44),(145,8,45),(146,8,46),(147,8,47),(148,8,48),(149,8,49),(150,8,50),(151,9,1),(152,9,2),(153,9,3),(154,9,4),(155,9,5),(156,9,6),(157,9,7),(158,9,8),(159,9,9),(160,9,10),(161,9,11),(162,9,12),(163,9,13),(164,9,14),(165,9,15),(166,9,16),(167,9,17),(168,9,18),(169,9,19),(170,9,20),(171,9,21),(172,9,22),(173,9,23),(174,9,24),(175,9,25),(176,9,26),(177,9,27),(178,9,28),(179,9,29),(180,9,30),(181,9,31),(182,9,32),(183,9,33),(184,9,34),(185,9,35),(186,9,36),(187,9,37),(188,9,38),(189,9,39),(190,9,40),(191,9,41),(192,9,42),(193,9,43),(194,9,44),(195,9,45),(196,9,46),(197,9,47),(198,9,48),(199,9,49),(200,9,50),(201,10,1),(202,10,2),(203,10,3),(204,10,4),(205,10,5),(206,10,6),(207,10,7),(208,10,8),(209,10,9),(210,10,10),(211,10,11),(212,10,12),(213,10,13),(214,10,14),(215,10,15),(216,10,16),(217,10,17),(218,10,18),(219,10,19),(220,10,20),(221,10,21),(222,10,22),(223,10,23),(224,10,24),(225,10,25),(226,10,26),(227,10,27),(228,10,28),(229,10,29),(230,10,30),(231,10,31),(232,10,32),(233,10,33),(234,10,34),(235,10,35),(236,10,36),(237,10,37),(238,10,38),(239,10,39),(240,10,40),(241,10,41),(242,10,42),(243,10,43),(244,10,44),(245,10,45),(246,10,46),(247,10,47),(248,10,48),(249,10,49),(250,10,50),(251,1,1),(252,1,2),(253,1,3),(254,1,4),(255,1,5),(256,1,6),(257,1,7),(258,1,8),(259,1,9),(260,1,10),(261,1,11),(262,1,12),(263,1,13),(264,1,14),(265,1,15),(266,1,16),(267,1,17),(268,1,18),(269,1,19),(270,1,20),(271,1,21),(272,1,22),(273,1,23),(274,1,24),(275,1,25),(276,1,26),(277,1,27),(278,1,28),(279,1,29),(280,1,30),(281,1,31),(282,1,32),(283,1,33),(284,1,34),(285,1,35),(286,1,36),(287,1,37),(288,1,38),(289,1,39),(290,1,40),(291,1,41),(292,1,42),(293,1,43),(294,1,44),(295,1,45),(296,1,46),(297,1,47),(298,1,48),(299,1,49),(300,1,50),(301,2,1),(302,2,2),(303,2,3),(304,2,4),(305,2,5),(306,2,6),(307,2,7),(308,2,8),(309,2,9),(310,2,10),(311,2,11),(312,2,12),(313,2,13),(314,2,14),(315,2,15),(316,2,16),(317,2,17),(318,2,18),(319,2,19),(320,2,20),(321,2,21),(322,2,22),(323,2,23),(324,2,24),(325,2,25),(326,2,26),(327,2,27),(328,2,28),(329,2,29),(330,2,30),(331,2,31),(332,2,32),(333,2,33),(334,2,34),(335,2,35),(336,2,36),(337,2,37),(338,2,38),(339,2,39),(340,2,40),(341,2,41),(342,2,42),(343,2,43),(344,2,44),(345,2,45),(346,2,46),(347,2,47),(348,2,48),(349,2,49),(350,2,50),(351,3,1),(352,3,2),(353,3,3),(354,3,4),(355,3,5),(356,3,6),(357,3,7),(358,3,8),(359,3,9),(360,3,10),(361,3,11),(362,3,12),(363,3,13),(364,3,14),(365,3,15),(366,3,16),(367,3,17),(368,3,18),(369,3,19),(370,3,20),(371,3,21),(372,3,22),(373,3,23),(374,3,24),(375,3,25),(376,3,26),(377,3,27),(378,3,28),(379,3,29),(380,3,30),(381,3,31),(382,3,32),(383,3,33),(384,3,34),(385,3,35),(386,3,36),(387,3,37),(388,3,38),(389,3,39),(390,3,40),(391,3,41),(392,3,42),(393,3,43),(394,3,44),(395,3,45),(396,3,46),(397,3,47),(398,3,48),(399,3,49),(400,3,50),(401,4,1),(402,4,2),(403,4,3),(404,4,4),(405,4,5),(406,4,6),(407,4,7),(408,4,8),(409,4,9),(410,4,10),(411,4,11),(412,4,12),(413,4,13),(414,4,14),(415,4,15),(416,4,16),(417,4,17),(418,4,18),(419,4,19),(420,4,20),(421,4,21),(422,4,22),(423,4,23),(424,4,24),(425,4,25),(426,4,26),(427,4,27),(428,4,28),(429,4,29),(430,4,30),(431,4,31),(432,4,32),(433,4,33),(434,4,34),(435,4,35),(436,4,36),(437,4,37),(438,4,38),(439,4,39),(440,4,40),(441,4,41),(442,4,42),(443,4,43),(444,4,44),(445,4,45),(446,4,46),(447,4,47),(448,4,48),(449,4,49),(450,4,50),(451,5,1),(452,5,2),(453,5,3),(454,5,4),(455,5,5),(456,5,6),(457,5,7),(458,5,8),(459,5,9),(460,5,10),(461,5,11),(462,5,12),(463,5,13),(464,5,14),(465,5,15),(466,5,16),(467,5,17),(468,5,18),(469,5,19),(470,5,20),(471,5,21),(472,5,22),(473,5,23),(474,5,24),(475,5,25),(476,5,26),(477,5,27),(478,5,28),(479,5,29),(480,5,30),(481,5,31),(482,5,32),(483,5,33),(484,5,34),(485,5,35),(486,5,36),(487,5,37),(488,5,38),(489,5,39),(490,5,40),(491,5,41),(492,5,42),(493,5,43),(494,5,44),(495,5,45),(496,5,46),(497,5,47),(498,5,48),(499,5,49),(500,5,50);
/*!40000 ALTER TABLE `course_question` ENABLE KEYS */;
UNLOCK TABLES;

--
-- Table structure for table `course_question_course_question_options`
--

DROP TABLE IF EXISTS `course_question_course_question_options`;
/*!40101 SET @saved_cs_client     = @@character_set_client */;
/*!40101 SET character_set_client = utf8 */;
CREATE TABLE `course_question_course_question_options` (
  `course_question_id` bigint(20) NOT NULL,
  `course_question_options_id` bigint(20) NOT NULL,
  UNIQUE KEY `UK_avrdw1h1qsxe278abjn2ahmcv` (`course_question_options_id`),
  KEY `FK_ktennth1lf07pxonyox1dudw7` (`course_question_id`),
  CONSTRAINT `FK_avrdw1h1qsxe278abjn2ahmcv` FOREIGN KEY (`course_question_options_id`) REFERENCES `course_question_option` (`id`),
  CONSTRAINT `FK_ktennth1lf07pxonyox1dudw7` FOREIGN KEY (`course_question_id`) REFERENCES `course_question` (`id`)
) ENGINE=InnoDB DEFAULT CHARSET=utf8;
/*!40101 SET character_set_client = @saved_cs_client */;

--
-- Dumping data for table `course_question_course_question_options`
--

LOCK TABLES `course_question_course_question_options` WRITE;
/*!40000 ALTER TABLE `course_question_course_question_options` DISABLE KEYS */;
INSERT INTO `course_question_course_question_options` VALUES (1,1),(1,2),(2,3),(2,4),(3,5),(3,6),(4,7),(4,8),(5,9),(5,10),(6,11),(6,12),(7,13),(7,14),(8,15),(8,16),(9,17),(9,18),(10,19),(10,20),(11,21),(11,22),(12,23),(12,24),(13,25),(13,26),(14,27),(14,28),(15,29),(15,30),(16,31),(16,32),(17,33),(17,34),(18,35),(18,36),(19,37),(19,38),(20,39),(20,40),(21,41),(21,42),(22,43),(22,44),(23,45),(23,46),(24,47),(24,48),(25,49),(25,50),(26,51),(26,52),(27,53),(27,54),(28,55),(28,56),(29,57),(29,58),(30,59),(30,60),(31,61),(31,62),(32,63),(32,64),(33,65),(33,66),(34,67),(34,68),(35,69),(35,70),(36,71),(36,72),(37,73),(37,74),(38,75),(38,76),(39,77),(39,78),(40,79),(40,80),(41,81),(41,82),(42,83),(42,84),(43,85),(43,86),(44,87),(44,88),(45,89),(45,90),(46,91),(46,92),(47,93),(47,94),(48,95),(48,96),(49,97),(49,98),(50,99),(50,100),(51,101),(51,102),(52,103),(52,104),(53,105),(53,106),(54,107),(54,108),(55,109),(55,110),(56,111),(56,112),(57,113),(57,114),(58,115),(58,116),(59,117),(59,118),(60,119),(60,120),(61,121),(61,122),(62,123),(62,124),(63,125),(63,126),(64,127),(64,128),(65,129),(65,130),(66,131),(66,132),(67,133),(67,134),(68,135),(68,136),(69,137),(69,138),(70,139),(70,140),(71,141),(71,142),(72,143),(72,144),(73,145),(73,146),(74,147),(74,148),(75,149),(75,150),(76,151),(76,152),(77,153),(77,154),(78,155),(78,156),(79,157),(79,158),(80,159),(80,160),(81,161),(81,162),(82,163),(82,164),(83,165),(83,166),(84,167),(84,168),(85,169),(85,170),(86,171),(86,172),(87,173),(87,174),(88,175),(88,176),(89,177),(89,178),(90,179),(90,180),(91,181),(91,182),(92,183),(92,184),(93,185),(93,186),(94,187),(94,188),(95,189),(95,190),(96,191),(96,192),(97,193),(97,194),(98,195),(98,196),(99,197),(99,198),(100,199),(100,200),(101,201),(101,202),(102,203),(102,204),(103,205),(103,206),(104,207),(104,208),(105,209),(105,210),(106,211),(106,212),(107,213),(107,214),(108,215),(108,216),(109,217),(109,218),(110,219),(110,220),(111,221),(111,222),(112,223),(112,224),(113,225),(113,226),(114,227),(114,228),(115,229),(115,230),(116,231),(116,232),(117,233),(117,234),(118,235),(118,236),(119,237),(119,238),(120,239),(120,240),(121,241),(121,242),(122,243),(122,244),(123,245),(123,246),(124,247),(124,248),(125,249),(125,250),(126,251),(126,252),(127,253),(127,254),(128,255),(128,256),(129,257),(129,258),(130,259),(130,260),(131,261),(131,262),(132,263),(132,264),(133,265),(133,266),(134,267),(134,268),(135,269),(135,270),(136,271),(136,272),(137,273),(137,274),(138,275),(138,276),(139,277),(139,278),(140,279),(140,280),(141,281),(141,282),(142,283),(142,284),(143,285),(143,286),(144,287),(144,288),(145,289),(145,290),(146,291),(146,292),(147,293),(147,294),(148,295),(148,296),(149,297),(149,298),(150,299),(150,300),(151,301),(151,302),(152,303),(152,304),(153,305),(153,306),(154,307),(154,308),(155,309),(155,310),(156,311),(156,312),(157,313),(157,314),(158,315),(158,316),(159,317),(159,318),(160,319),(160,320),(161,321),(161,322),(162,323),(162,324),(163,325),(163,326),(164,327),(164,328),(165,329),(165,330),(166,331),(166,332),(167,333),(167,334),(168,335),(168,336),(169,337),(169,338),(170,339),(170,340),(171,341),(171,342),(172,343),(172,344),(173,345),(173,346),(174,347),(174,348),(175,349),(175,350),(176,351),(176,352),(177,353),(177,354),(178,355),(178,356),(179,357),(179,358),(180,359),(180,360),(181,361),(181,362),(182,363),(182,364),(183,365),(183,366),(184,367),(184,368),(185,369),(185,370),(186,371),(186,372),(187,373),(187,374),(188,375),(188,376),(189,377),(189,378),(190,379),(190,380),(191,381),(191,382),(192,383),(192,384),(193,385),(193,386),(194,387),(194,388),(195,389),(195,390),(196,391),(196,392),(197,393),(197,394),(198,395),(198,396),(199,397),(199,398),(200,399),(200,400),(201,401),(201,402),(202,403),(202,404),(203,405),(203,406),(204,407),(204,408),(205,409),(205,410),(206,411),(206,412),(207,413),(207,414),(208,415),(208,416),(209,417),(209,418),(210,419),(210,420),(211,421),(211,422),(212,423),(212,424),(213,425),(213,426),(214,427),(214,428),(215,429),(215,430),(216,431),(216,432),(217,433),(217,434),(218,435),(218,436),(219,437),(219,438),(220,439),(220,440),(221,441),(221,442),(222,443),(222,444),(223,445),(223,446),(224,447),(224,448),(225,449),(225,450),(226,451),(226,452),(227,453),(227,454),(228,455),(228,456),(229,457),(229,458),(230,459),(230,460),(231,461),(231,462),(232,463),(232,464),(233,465),(233,466),(234,467),(234,468),(235,469),(235,470),(236,471),(236,472),(237,473),(237,474),(238,475),(238,476),(239,477),(239,478),(240,479),(240,480),(241,481),(241,482),(242,483),(242,484),(243,485),(243,486),(244,487),(244,488),(245,489),(245,490),(246,491),(246,492),(247,493),(247,494),(248,495),(248,496),(249,497),(249,498),(250,499),(250,500),(251,501),(251,502),(252,503),(252,504),(253,505),(253,506),(254,507),(254,508),(255,509),(255,510),(256,511),(256,512),(257,513),(257,514),(258,515),(258,516),(259,517),(259,518),(260,519),(260,520),(261,521),(261,522),(262,523),(262,524),(263,525),(263,526),(264,527),(264,528),(265,529),(265,530),(266,531),(266,532),(267,533),(267,534),(268,535),(268,536),(269,537),(269,538),(270,539),(270,540),(271,541),(271,542),(272,543),(272,544),(273,545),(273,546),(274,547),(274,548),(275,549),(275,550),(276,551),(276,552),(277,553),(277,554),(278,555),(278,556),(279,557),(279,558),(280,559),(280,560),(281,561),(281,562),(282,563),(282,564),(283,565),(283,566),(284,567),(284,568),(285,569),(285,570),(286,571),(286,572),(287,573),(287,574),(288,575),(288,576),(289,577),(289,578),(290,579),(290,580),(291,581),(291,582),(292,583),(292,584),(293,585),(293,586),(294,587),(294,588),(295,589),(295,590),(296,591),(296,592),(297,593),(297,594),(298,595),(298,596),(299,597),(299,598),(300,599),(300,600),(301,601),(301,602),(302,603),(302,604),(303,605),(303,606),(304,607),(304,608),(305,609),(305,610),(306,611),(306,612),(307,613),(307,614),(308,615),(308,616),(309,617),(309,618),(310,619),(310,620),(311,621),(311,622),(312,623),(312,624),(313,625),(313,626),(314,627),(314,628),(315,629),(315,630),(316,631),(316,632),(317,633),(317,634),(318,635),(318,636),(319,637),(319,638),(320,639),(320,640),(321,641),(321,642),(322,643),(322,644),(323,645),(323,646),(324,647),(324,648),(325,649),(325,650),(326,651),(326,652),(327,653),(327,654),(328,655),(328,656),(329,657),(329,658),(330,659),(330,660),(331,661),(331,662),(332,663),(332,664),(333,665),(333,666),(334,667),(334,668),(335,669),(335,670),(336,671),(336,672),(337,673),(337,674),(338,675),(338,676),(339,677),(339,678),(340,679),(340,680),(341,681),(341,682),(342,683),(342,684),(343,685),(343,686),(344,687),(344,688),(345,689),(345,690),(346,691),(346,692),(347,693),(347,694),(348,695),(348,696),(349,697),(349,698),(350,699),(350,700),(351,701),(351,702),(352,703),(352,704),(353,705),(353,706),(354,707),(354,708),(355,709),(355,710),(356,711),(356,712),(357,713),(357,714),(358,715),(358,716),(359,717),(359,718),(360,719),(360,720),(361,721),(361,722),(362,723),(362,724),(363,725),(363,726),(364,727),(364,728),(365,729),(365,730),(366,731),(366,732),(367,733),(367,734),(368,735),(368,736),(369,737),(369,738),(370,739),(370,740),(371,741),(371,742),(372,743),(372,744),(373,745),(373,746),(374,747),(374,748),(375,749),(375,750),(376,751),(376,752),(377,753),(377,754),(378,755),(378,756),(379,757),(379,758),(380,759),(380,760),(381,761),(381,762),(382,763),(382,764),(383,765),(383,766),(384,767),(384,768),(385,769),(385,770),(386,771),(386,772),(387,773),(387,774),(388,775),(388,776),(389,777),(389,778),(390,779),(390,780),(391,781),(391,782),(392,783),(392,784),(393,785),(393,786),(394,787),(394,788),(395,789),(395,790),(396,791),(396,792),(397,793),(397,794),(398,795),(398,796),(399,797),(399,798),(400,799),(400,800),(401,801),(401,802),(402,803),(402,804),(403,805),(403,806),(404,807),(404,808),(405,809),(405,810),(406,811),(406,812),(407,813),(407,814),(408,815),(408,816),(409,817),(409,818),(410,819),(410,820),(411,821),(411,822),(412,823),(412,824),(413,825),(413,826),(414,827),(414,828),(415,829),(415,830),(416,831),(416,832),(417,833),(417,834),(418,835),(418,836),(419,837),(419,838),(420,839),(420,840),(421,841),(421,842),(422,843),(422,844),(423,845),(423,846),(424,847),(424,848),(425,849),(425,850),(426,851),(426,852),(427,853),(427,854),(428,855),(428,856),(429,857),(429,858),(430,859),(430,860),(431,861),(431,862),(432,863),(432,864),(433,865),(433,866),(434,867),(434,868),(435,869),(435,870),(436,871),(436,872),(437,873),(437,874),(438,875),(438,876),(439,877),(439,878),(440,879),(440,880),(441,881),(441,882),(442,883),(442,884),(443,885),(443,886),(444,887),(444,888),(445,889),(445,890),(446,891),(446,892),(447,893),(447,894),(448,895),(448,896),(449,897),(449,898),(450,899),(450,900),(451,901),(451,902),(452,903),(452,904),(453,905),(453,906),(454,907),(454,908),(455,909),(455,910),(456,911),(456,912),(457,913),(457,914),(458,915),(458,916),(459,917),(459,918),(460,919),(460,920),(461,921),(461,922),(462,923),(462,924),(463,925),(463,926),(464,927),(464,928),(465,929),(465,930),(466,931),(466,932),(467,933),(467,934),(468,935),(468,936),(469,937),(469,938),(470,939),(470,940),(471,941),(471,942),(472,943),(472,944),(473,945),(473,946),(474,947),(474,948),(475,949),(475,950),(476,951),(476,952),(477,953),(477,954),(478,955),(478,956),(479,957),(479,958),(480,959),(480,960),(481,961),(481,962),(482,963),(482,964),(483,965),(483,966),(484,967),(484,968),(485,969),(485,970),(486,971),(486,972),(487,973),(487,974),(488,975),(488,976),(489,977),(489,978),(490,979),(490,980),(491,981),(491,982),(492,983),(492,984),(493,985),(493,986),(494,987),(494,988),(495,989),(495,990),(496,991),(496,992),(497,993),(497,994),(498,995),(498,996),(499,997),(499,998),(500,999),(500,1000);
/*!40000 ALTER TABLE `course_question_course_question_options` ENABLE KEYS */;
UNLOCK TABLES;

--
-- Table structure for table `course_question_option`
--

DROP TABLE IF EXISTS `course_question_option`;
/*!40101 SET @saved_cs_client     = @@character_set_client */;
/*!40101 SET character_set_client = utf8 */;
CREATE TABLE `course_question_option` (
  `id` bigint(20) NOT NULL AUTO_INCREMENT,
  `weight` int(11) NOT NULL,
  `course_question_id` bigint(20) DEFAULT NULL,
  `question_option_id` bigint(20) DEFAULT NULL,
  PRIMARY KEY (`id`),
  KEY `FK_3y6wycji7od26avd0cddqm2pa` (`course_question_id`),
  KEY `FK_go8gi0x8nydifw6rhu4msdtaq` (`question_option_id`),
  CONSTRAINT `FK_3y6wycji7od26avd0cddqm2pa` FOREIGN KEY (`course_question_id`) REFERENCES `course_question` (`id`),
  CONSTRAINT `FK_go8gi0x8nydifw6rhu4msdtaq` FOREIGN KEY (`question_option_id`) REFERENCES `question_option` (`id`)
) ENGINE=InnoDB AUTO_INCREMENT=1001 DEFAULT CHARSET=utf8;
/*!40101 SET character_set_client = @saved_cs_client */;

--
-- Dumping data for table `course_question_option`
--

LOCK TABLES `course_question_option` WRITE;
/*!40000 ALTER TABLE `course_question_option` DISABLE KEYS */;
INSERT INTO `course_question_option` VALUES (1,0,1,1),(2,0,1,2),(3,0,2,3),(4,0,2,4),(5,2,3,5),(6,0,3,6),(7,0,4,7),(8,0,4,8),(9,2,5,9),(10,0,5,10),(11,2,6,11),(12,0,6,12),(13,2,7,13),(14,0,7,14),(15,0,8,15),(16,0,8,16),(17,0,9,17),(18,0,9,18),(19,0,10,19),(20,0,10,20),(21,2,11,21),(22,0,11,22),(23,2,12,23),(24,0,12,24),(25,0,13,25),(26,0,13,26),(27,0,14,27),(28,0,14,28),(29,0,15,29),(30,0,15,30),(31,2,16,31),(32,0,16,32),(33,0,17,33),(34,0,17,34),(35,0,18,35),(36,0,18,36),(37,0,19,37),(38,0,19,38),(39,0,20,39),(40,0,20,40),(41,0,21,41),(42,0,21,42),(43,0,22,43),(44,0,22,44),(45,0,23,45),(46,0,23,46),(47,0,24,47),(48,0,24,48),(49,0,25,49),(50,0,25,50),(51,2,26,51),(52,0,26,52),(53,0,27,53),(54,0,27,54),(55,0,28,55),(56,0,28,56),(57,0,29,57),(58,0,29,58),(59,0,30,59),(60,0,30,60),(61,0,31,61),(62,0,31,62),(63,0,32,63),(64,0,32,64),(65,0,33,65),(66,0,33,66),(67,2,34,67),(68,0,34,68),(69,0,35,69),(70,0,35,70),(71,0,36,71),(72,0,36,72),(73,0,37,73),(74,0,37,74),(75,0,38,75),(76,0,38,76),(77,0,39,77),(78,0,39,78),(79,2,40,79),(80,0,40,80),(81,2,41,81),(82,0,41,82),(83,0,42,83),(84,0,42,84),(85,0,43,85),(86,0,43,86),(87,2,44,87),(88,0,44,88),(89,0,45,89),(90,0,45,90),(91,2,46,91),(92,0,46,92),(93,0,47,93),(94,0,47,94),(95,0,48,95),(96,0,48,96),(97,2,49,97),(98,0,49,98),(99,0,50,99),(100,0,50,100),(101,2,51,1),(102,0,51,2),(103,0,52,3),(104,0,52,4),(105,0,53,5),(106,0,53,6),(107,0,54,7),(108,0,54,8),(109,0,55,9),(110,0,55,10),(111,0,56,11),(112,0,56,12),(113,0,57,13),(114,0,57,14),(115,0,58,15),(116,0,58,16),(117,2,59,17),(118,0,59,18),(119,0,60,19),(120,0,60,20),(121,2,61,21),(122,0,61,22),(123,0,62,23),(124,0,62,24),(125,2,63,25),(126,0,63,26),(127,0,64,27),(128,0,64,28),(129,2,65,29),(130,0,65,30),(131,0,66,31),(132,0,66,32),(133,0,67,33),(134,0,67,34),(135,2,68,35),(136,0,68,36),(137,0,69,37),(138,0,69,38),(139,2,70,39),(140,0,70,40),(141,0,71,41),(142,0,71,42),(143,0,72,43),(144,0,72,44),(145,2,73,45),(146,0,73,46),(147,0,74,47),(148,0,74,48),(149,0,75,49),(150,0,75,50),(151,0,76,51),(152,0,76,52),(153,2,77,53),(154,0,77,54),(155,0,78,55),(156,0,78,56),(157,2,79,57),(158,0,79,58),(159,0,80,59),(160,0,80,60),(161,0,81,61),(162,0,81,62),(163,0,82,63),(164,0,82,64),(165,0,83,65),(166,0,83,66),(167,0,84,67),(168,0,84,68),(169,2,85,69),(170,0,85,70),(171,0,86,71),(172,0,86,72),(173,0,87,73),(174,0,87,74),(175,2,88,75),(176,0,88,76),(177,0,89,77),(178,0,89,78),(179,0,90,79),(180,0,90,80),(181,0,91,81),(182,0,91,82),(183,0,92,83),(184,0,92,84),(185,2,93,85),(186,0,93,86),(187,0,94,87),(188,0,94,88),(189,0,95,89),(190,0,95,90),(191,0,96,91),(192,0,96,92),(193,0,97,93),(194,0,97,94),(195,0,98,95),(196,0,98,96),(197,0,99,97),(198,0,99,98),(199,0,100,99),(200,0,100,100),(201,0,101,1),(202,0,101,2),(203,0,102,3),(204,0,102,4),(205,2,103,5),(206,0,103,6),(207,2,104,7),(208,0,104,8),(209,0,105,9),(210,0,105,10),(211,2,106,11),(212,0,106,12),(213,0,107,13),(214,0,107,14),(215,0,108,15),(216,0,108,16),(217,0,109,17),(218,0,109,18),(219,2,110,19),(220,0,110,20),(221,0,111,21),(222,0,111,22),(223,0,112,23),(224,0,112,24),(225,0,113,25),(226,0,113,26),(227,2,114,27),(228,0,114,28),(229,0,115,29),(230,0,115,30),(231,2,116,31),(232,0,116,32),(233,0,117,33),(234,0,117,34),(235,0,118,35),(236,0,118,36),(237,2,119,37),(238,0,119,38),(239,0,120,39),(240,0,120,40),(241,2,121,41),(242,0,121,42),(243,0,122,43),(244,0,122,44),(245,0,123,45),(246,0,123,46),(247,0,124,47),(248,0,124,48),(249,0,125,49),(250,0,125,50),(251,2,126,51),(252,0,126,52),(253,0,127,53),(254,0,127,54),(255,0,128,55),(256,0,128,56),(257,0,129,57),(258,0,129,58),(259,0,130,59),(260,0,130,60),(261,0,131,61),(262,0,131,62),(263,2,132,63),(264,0,132,64),(265,0,133,65),(266,0,133,66),(267,0,134,67),(268,0,134,68),(269,0,135,69),(270,0,135,70),(271,0,136,71),(272,0,136,72),(273,0,137,73),(274,0,137,74),(275,0,138,75),(276,0,138,76),(277,0,139,77),(278,0,139,78),(279,0,140,79),(280,0,140,80),(281,0,141,81),(282,0,141,82),(283,0,142,83),(284,0,142,84),(285,0,143,85),(286,0,143,86),(287,0,144,87),(288,0,144,88),(289,0,145,89),(290,0,145,90),(291,2,146,91),(292,0,146,92),(293,2,147,93),(294,0,147,94),(295,0,148,95),(296,0,148,96),(297,0,149,97),(298,0,149,98),(299,0,150,99),(300,0,150,100),(301,0,151,1),(302,0,151,2),(303,0,152,3),(304,0,152,4),(305,0,153,5),(306,0,153,6),(307,0,154,7),(308,0,154,8),(309,0,155,9),(310,0,155,10),(311,0,156,11),(312,0,156,12),(313,0,157,13),(314,0,157,14),(315,2,158,15),(316,0,158,16),(317,0,159,17),(318,0,159,18),(319,0,160,19),(320,0,160,20),(321,2,161,21),(322,0,161,22),(323,0,162,23),(324,0,162,24),(325,0,163,25),(326,0,163,26),(327,0,164,27),(328,0,164,28),(329,2,165,29),(330,0,165,30),(331,0,166,31),(332,0,166,32),(333,0,167,33),(334,0,167,34),(335,0,168,35),(336,0,168,36),(337,0,169,37),(338,0,169,38),(339,0,170,39),(340,0,170,40),(341,2,171,41),(342,0,171,42),(343,0,172,43),(344,0,172,44),(345,0,173,45),(346,0,173,46),(347,0,174,47),(348,0,174,48),(349,2,175,49),(350,0,175,50),(351,0,176,51),(352,0,176,52),(353,0,177,53),(354,0,177,54),(355,0,178,55),(356,0,178,56),(357,0,179,57),(358,0,179,58),(359,0,180,59),(360,0,180,60),(361,0,181,61),(362,0,181,62),(363,0,182,63),(364,0,182,64),(365,2,183,65),(366,0,183,66),(367,0,184,67),(368,0,184,68),(369,0,185,69),(370,0,185,70),(371,0,186,71),(372,0,186,72),(373,0,187,73),(374,0,187,74),(375,0,188,75),(376,0,188,76),(377,2,189,77),(378,0,189,78),(379,0,190,79),(380,0,190,80),(381,0,191,81),(382,0,191,82),(383,0,192,83),(384,0,192,84),(385,0,193,85),(386,0,193,86),(387,2,194,87),(388,0,194,88),(389,0,195,89),(390,0,195,90),(391,0,196,91),(392,0,196,92),(393,0,197,93),(394,0,197,94),(395,2,198,95),(396,0,198,96),(397,0,199,97),(398,0,199,98),(399,0,200,99),(400,0,200,100),(401,0,201,1),(402,0,201,2),(403,0,202,3),(404,0,202,4),(405,2,203,5),(406,0,203,6),(407,0,204,7),(408,0,204,8),(409,0,205,9),(410,0,205,10),(411,0,206,11),(412,0,206,12),(413,2,207,13),(414,0,207,14),(415,0,208,15),(416,0,208,16),(417,0,209,17),(418,0,209,18),(419,0,210,19),(420,0,210,20),(421,2,211,21),(422,0,211,22),(423,2,212,23),(424,0,212,24),(425,0,213,25),(426,0,213,26),(427,0,214,27),(428,0,214,28),(429,0,215,29),(430,0,215,30),(431,2,216,31),(432,0,216,32),(433,0,217,33),(434,0,217,34),(435,0,218,35),(436,0,218,36),(437,0,219,37),(438,0,219,38),(439,0,220,39),(440,0,220,40),(441,2,221,41),(442,0,221,42),(443,0,222,43),(444,0,222,44),(445,0,223,45),(446,0,223,46),(447,2,224,47),(448,0,224,48),(449,0,225,49),(450,0,225,50),(451,2,226,51),(452,0,226,52),(453,0,227,53),(454,0,227,54),(455,0,228,55),(456,0,228,56),(457,0,229,57),(458,0,229,58),(459,0,230,59),(460,0,230,60),(461,0,231,61),(462,0,231,62),(463,0,232,63),(464,0,232,64),(465,0,233,65),(466,0,233,66),(467,2,234,67),(468,0,234,68),(469,0,235,69),(470,0,235,70),(471,0,236,71),(472,0,236,72),(473,0,237,73),(474,0,237,74),(475,0,238,75),(476,0,238,76),(477,2,239,77),(478,0,239,78),(479,2,240,79),(480,0,240,80),(481,2,241,81),(482,0,241,82),(483,0,242,83),(484,0,242,84),(485,0,243,85),(486,0,243,86),(487,2,244,87),(488,0,244,88),(489,2,245,89),(490,0,245,90),(491,2,246,91),(492,0,246,92),(493,0,247,93),(494,0,247,94),(495,2,248,95),(496,0,248,96),(497,2,249,97),(498,0,249,98),(499,0,250,99),(500,0,250,100),(501,0,251,1),(502,0,251,2),(503,0,252,3),(504,0,252,4),(505,0,253,5),(506,0,253,6),(507,0,254,7),(508,0,254,8),(509,2,255,9),(510,0,255,10),(511,0,256,11),(512,0,256,12),(513,0,257,13),(514,0,257,14),(515,2,258,15),(516,0,258,16),(517,0,259,17),(518,0,259,18),(519,0,260,19),(520,0,260,20),(521,2,261,21),(522,0,261,22),(523,0,262,23),(524,0,262,24),(525,2,263,25),(526,0,263,26),(527,0,264,27),(528,0,264,28),(529,2,265,29),(530,0,265,30),(531,0,266,31),(532,0,266,32),(533,2,267,33),(534,0,267,34),(535,0,268,35),(536,0,268,36),(537,0,269,37),(538,0,269,38),(539,2,270,39),(540,0,270,40),(541,0,271,41),(542,0,271,42),(543,2,272,43),(544,0,272,44),(545,2,273,45),(546,0,273,46),(547,0,274,47),(548,0,274,48),(549,2,275,49),(550,0,275,50),(551,0,276,51),(552,0,276,52),(553,0,277,53),(554,0,277,54),(555,2,278,55),(556,0,278,56),(557,2,279,57),(558,0,279,58),(559,0,280,59),(560,0,280,60),(561,2,281,61),(562,0,281,62),(563,0,282,63),(564,0,282,64),(565,2,283,65),(566,0,283,66),(567,0,284,67),(568,0,284,68),(569,2,285,69),(570,0,285,70),(571,0,286,71),(572,0,286,72),(573,2,287,73),(574,0,287,74),(575,0,288,75),(576,0,288,76),(577,0,289,77),(578,0,289,78),(579,0,290,79),(580,0,290,80),(581,0,291,81),(582,0,291,82),(583,0,292,83),(584,0,292,84),(585,0,293,85),(586,0,293,86),(587,0,294,87),(588,0,294,88),(589,0,295,89),(590,0,295,90),(591,0,296,91),(592,0,296,92),(593,0,297,93),(594,0,297,94),(595,0,298,95),(596,0,298,96),(597,0,299,97),(598,0,299,98),(599,0,300,99),(600,0,300,100),(601,0,301,1),(602,0,301,2),(603,0,302,3),(604,0,302,4),(605,0,303,5),(606,0,303,6),(607,0,304,7),(608,0,304,8),(609,0,305,9),(610,0,305,10),(611,0,306,11),(612,0,306,12),(613,0,307,13),(614,0,307,14),(615,0,308,15),(616,0,308,16),(617,0,309,17),(618,0,309,18),(619,0,310,19),(620,0,310,20),(621,2,311,21),(622,0,311,22),(623,2,312,23),(624,0,312,24),(625,0,313,25),(626,0,313,26),(627,0,314,27),(628,0,314,28),(629,2,315,29),(630,0,315,30),(631,0,316,31),(632,0,316,32),(633,0,317,33),(634,0,317,34),(635,0,318,35),(636,0,318,36),(637,0,319,37),(638,0,319,38),(639,0,320,39),(640,0,320,40),(641,2,321,41),(642,0,321,42),(643,0,322,43),(644,0,322,44),(645,0,323,45),(646,0,323,46),(647,0,324,47),(648,0,324,48),(649,2,325,49),(650,0,325,50),(651,0,326,51),(652,0,326,52),(653,0,327,53),(654,0,327,54),(655,0,328,55),(656,0,328,56),(657,0,329,57),(658,0,329,58),(659,2,330,59),(660,0,330,60),(661,0,331,61),(662,0,331,62),(663,0,332,63),(664,0,332,64),(665,0,333,65),(666,0,333,66),(667,2,334,67),(668,0,334,68),(669,0,335,69),(670,0,335,70),(671,0,336,71),(672,0,336,72),(673,0,337,73),(674,0,337,74),(675,0,338,75),(676,0,338,76),(677,2,339,77),(678,0,339,78),(679,0,340,79),(680,0,340,80),(681,2,341,81),(682,0,341,82),(683,0,342,83),(684,0,342,84),(685,2,343,85),(686,0,343,86),(687,2,344,87),(688,0,344,88),(689,0,345,89),(690,0,345,90),(691,0,346,91),(692,0,346,92),(693,0,347,93),(694,0,347,94),(695,2,348,95),(696,0,348,96),(697,0,349,97),(698,0,349,98),(699,0,350,99),(700,0,350,100),(701,2,351,1),(702,0,351,2),(703,0,352,3),(704,0,352,4),(705,0,353,5),(706,0,353,6),(707,0,354,7),(708,0,354,8),(709,0,355,9),(710,0,355,10),(711,0,356,11),(712,0,356,12),(713,0,357,13),(714,0,357,14),(715,0,358,15),(716,0,358,16),(717,2,359,17),(718,0,359,18),(719,0,360,19),(720,0,360,20),(721,2,361,21),(722,0,361,22),(723,0,362,23),(724,0,362,24),(725,0,363,25),(726,0,363,26),(727,0,364,27),(728,0,364,28),(729,2,365,29),(730,0,365,30),(731,0,366,31),(732,0,366,32),(733,0,367,33),(734,0,367,34),(735,0,368,35),(736,0,368,36),(737,0,369,37),(738,0,369,38),(739,2,370,39),(740,0,370,40),(741,0,371,41),(742,0,371,42),(743,0,372,43),(744,0,372,44),(745,2,373,45),(746,0,373,46),(747,0,374,47),(748,0,374,48),(749,2,375,49),(750,0,375,50),(751,0,376,51),(752,0,376,52),(753,0,377,53),(754,0,377,54),(755,0,378,55),(756,0,378,56),(757,2,379,57),(758,0,379,58),(759,0,380,59),(760,0,380,60),(761,0,381,61),(762,0,381,62),(763,0,382,63),(764,0,382,64),(765,2,383,65),(766,0,383,66),(767,0,384,67),(768,0,384,68),(769,0,385,69),(770,0,385,70),(771,0,386,71),(772,0,386,72),(773,2,387,73),(774,0,387,74),(775,0,388,75),(776,0,388,76),(777,0,389,77),(778,0,389,78),(779,0,390,79),(780,0,390,80),(781,0,391,81),(782,0,391,82),(783,0,392,83),(784,0,392,84),(785,2,393,85),(786,0,393,86),(787,0,394,87),(788,0,394,88),(789,0,395,89),(790,0,395,90),(791,0,396,91),(792,0,396,92),(793,0,397,93),(794,0,397,94),(795,0,398,95),(796,0,398,96),(797,0,399,97),(798,0,399,98),(799,0,400,99),(800,0,400,100),(801,0,401,1),(802,0,401,2),(803,2,402,3),(804,0,402,4),(805,2,403,5),(806,0,403,6),(807,0,404,7),(808,0,404,8),(809,2,405,9),(810,0,405,10),(811,0,406,11),(812,0,406,12),(813,2,407,13),(814,0,407,14),(815,2,408,15),(816,0,408,16),(817,0,409,17),(818,0,409,18),(819,0,410,19),(820,0,410,20),(821,0,411,21),(822,0,411,22),(823,2,412,23),(824,0,412,24),(825,0,413,25),(826,0,413,26),(827,0,414,27),(828,0,414,28),(829,0,415,29),(830,0,415,30),(831,0,416,31),(832,0,416,32),(833,2,417,33),(834,0,417,34),(835,0,418,35),(836,0,418,36),(837,0,419,37),(838,0,419,38),(839,0,420,39),(840,0,420,40),(841,0,421,41),(842,0,421,42),(843,2,422,43),(844,0,422,44),(845,0,423,45),(846,0,423,46),(847,0,424,47),(848,0,424,48),(849,2,425,49),(850,0,425,50),(851,2,426,51),(852,0,426,52),(853,0,427,53),(854,0,427,54),(855,0,428,55),(856,0,428,56),(857,0,429,57),(858,0,429,58),(859,0,430,59),(860,0,430,60),(861,0,431,61),(862,0,431,62),(863,0,432,63),(864,0,432,64),(865,0,433,65),(866,0,433,66),(867,2,434,67),(868,0,434,68),(869,0,435,69),(870,0,435,70),(871,0,436,71),(872,0,436,72),(873,0,437,73),(874,0,437,74),(875,0,438,75),(876,0,438,76),(877,0,439,77),(878,0,439,78),(879,2,440,79),(880,0,440,80),(881,2,441,81),(882,0,441,82),(883,0,442,83),(884,0,442,84),(885,0,443,85),(886,0,443,86),(887,0,444,87),(888,0,444,88),(889,0,445,89),(890,0,445,90),(891,0,446,91),(892,0,446,92),(893,0,447,93),(894,0,447,94),(895,0,448,95),(896,0,448,96),(897,2,449,97),(898,0,449,98),(899,0,450,99),(900,0,450,100),(901,0,451,1),(902,0,451,2),(903,0,452,3),(904,0,452,4),(905,0,453,5),(906,0,453,6),(907,2,454,7),(908,0,454,8),(909,0,455,9),(910,0,455,10),(911,2,456,11),(912,0,456,12),(913,0,457,13),(914,0,457,14),(915,0,458,15),(916,0,458,16),(917,0,459,17),(918,0,459,18),(919,0,460,19),(920,0,460,20),(921,2,461,21),(922,0,461,22),(923,2,462,23),(924,0,462,24),(925,2,463,25),(926,0,463,26),(927,0,464,27),(928,0,464,28),(929,0,465,29),(930,0,465,30),(931,0,466,31),(932,0,466,32),(933,0,467,33),(934,0,467,34),(935,2,468,35),(936,0,468,36),(937,2,469,37),(938,0,469,38),(939,0,470,39),(940,0,470,40),(941,0,471,41),(942,0,471,42),(943,0,472,43),(944,0,472,44),(945,2,473,45),(946,0,473,46),(947,2,474,47),(948,0,474,48),(949,0,475,49),(950,0,475,50),(951,0,476,51),(952,0,476,52),(953,2,477,53),(954,0,477,54),(955,0,478,55),(956,0,478,56),(957,0,479,57),(958,0,479,58),(959,2,480,59),(960,0,480,60),(961,0,481,61),(962,0,481,62),(963,0,482,63),(964,0,482,64),(965,0,483,65),(966,0,483,66),(967,0,484,67),(968,0,484,68),(969,2,485,69),(970,0,485,70),(971,0,486,71),(972,0,486,72),(973,2,487,73),(974,0,487,74),(975,0,488,75),(976,0,488,76),(977,0,489,77),(978,0,489,78),(979,0,490,79),(980,0,490,80),(981,0,491,81),(982,0,491,82),(983,0,492,83),(984,0,492,84),(985,2,493,85),(986,0,493,86),(987,0,494,87),(988,0,494,88),(989,2,495,89),(990,0,495,90),(991,0,496,91),(992,0,496,92),(993,0,497,93),(994,0,497,94),(995,0,498,95),(996,0,498,96),(997,0,499,97),(998,0,499,98),(999,2,500,99),(1000,0,500,100);
/*!40000 ALTER TABLE `course_question_option` ENABLE KEYS */;
UNLOCK TABLES;

--
-- Table structure for table `org`
--

DROP TABLE IF EXISTS `org`;
/*!40101 SET @saved_cs_client     = @@character_set_client */;
/*!40101 SET character_set_client = utf8 */;
CREATE TABLE `org` (
  `id` bigint(20) NOT NULL AUTO_INCREMENT,
  `description` longtext,
  `name` varchar(255) DEFAULT NULL,
  PRIMARY KEY (`id`)
) ENGINE=InnoDB AUTO_INCREMENT=7 DEFAULT CHARSET=utf8;
/*!40101 SET character_set_client = @saved_cs_client */;

--
-- Dumping data for table `org`
--

LOCK TABLES `org` WRITE;
/*!40000 ALTER TABLE `org` DISABLE KEYS */;
INSERT INTO `org` VALUES (1,NULL,'Akademia Górniczo-Hutnicza'),(2,NULL,'Uniwersytet Jagielloński'),(3,NULL,'Uniwersytet Warszawski'),(4,NULL,'Uniwersytet Adama Mickiewicza w Poznaniu'),(5,NULL,'Szkoła Główna Handlowa'),(6,NULL,'Akademia Sztuk Pięknych w Krakowie');
/*!40000 ALTER TABLE `org` ENABLE KEYS */;
UNLOCK TABLES;

--
-- Table structure for table `org_courses`
--

DROP TABLE IF EXISTS `org_courses`;
/*!40101 SET @saved_cs_client     = @@character_set_client */;
/*!40101 SET character_set_client = utf8 */;
CREATE TABLE `org_courses` (
  `org_id` bigint(20) NOT NULL,
  `course_id` bigint(20) NOT NULL,
  KEY `FK_madi17s87ljjhomb1aqowdi0m` (`course_id`),
  KEY `FK_cj62nfms3kybky0c29ni49g0s` (`org_id`),
  CONSTRAINT `FK_cj62nfms3kybky0c29ni49g0s` FOREIGN KEY (`org_id`) REFERENCES `org` (`id`),
  CONSTRAINT `FK_madi17s87ljjhomb1aqowdi0m` FOREIGN KEY (`course_id`) REFERENCES `course` (`id`)
) ENGINE=InnoDB DEFAULT CHARSET=utf8;
/*!40101 SET character_set_client = @saved_cs_client */;

--
-- Dumping data for table `org_courses`
--

LOCK TABLES `org_courses` WRITE;
/*!40000 ALTER TABLE `org_courses` DISABLE KEYS */;
INSERT INTO `org_courses` VALUES (1,1),(1,3),(1,7),(2,1),(2,2),(2,3),(2,4),(2,6),(2,8),(2,10),(3,2),(3,3),(3,6),(3,8),(3,9),(3,10),(4,2),(4,3),(4,6),(4,8),(4,10),(5,2),(5,9),(6,5);
/*!40000 ALTER TABLE `org_courses` ENABLE KEYS */;
UNLOCK TABLES;

--
-- Table structure for table `question`
--

DROP TABLE IF EXISTS `question`;
/*!40101 SET @saved_cs_client     = @@character_set_client */;
/*!40101 SET character_set_client = utf8 */;
CREATE TABLE `question` (
  `id` bigint(20) NOT NULL AUTO_INCREMENT,
  `content` longtext,
  `image_url` varchar(255) DEFAULT NULL,
  `style` int(11) DEFAULT NULL,
  `title` varchar(255) DEFAULT NULL,
  PRIMARY KEY (`id`)
) ENGINE=InnoDB AUTO_INCREMENT=52 DEFAULT CHARSET=utf8;
/*!40101 SET character_set_client = @saved_cs_client */;

--
-- Dumping data for table `question`
--

LOCK TABLES `question` WRITE;
/*!40000 ALTER TABLE `question` DISABLE KEYS */;
INSERT INTO `question` VALUES (1,NULL,NULL,2,'Do you like to watch the machines work?'),(2,NULL,NULL,2,'Do you like to care for animals?'),(3,NULL,NULL,2,'Do you like to get acquainted with the work of a teacher or a doctor?'),(4,NULL,NULL,2,'Do you like to read poetry?'),(5,NULL,NULL,2,'Do you like to study biology?'),(6,NULL,NULL,2,'Do you like to read books?'),(7,NULL,NULL,2,'Do you like to care for other people?'),(8,NULL,NULL,2,'Do you know the laws of chemical?'),(9,NULL,NULL,2,'Do you like to fix little technical devices?'),(10,NULL,NULL,2,'Do you like to write essays?'),(11,NULL,NULL,2,'Do you like to analyze various phenomena?'),(12,NULL,NULL,2,'Do you like to hear about other people\'s problems?'),(13,NULL,NULL,2,'Do you like to visit enterprises, workshops?'),(14,NULL,NULL,2,'Do you like studying history?'),(15,NULL,NULL,2,'Do you like to solve math problems?'),(16,NULL,NULL,2,'Do you like to speak to an audience, for example, to make presentations in front of the class?'),(17,NULL,NULL,2,'Do you like to observe the life of plants and animals?'),(18,NULL,NULL,2,'Do you like to explore the construction of various technical devices?'),(19,NULL,NULL,2,'Do you like to study Russian language?'),(20,NULL,NULL,2,'Do you like to read about discoveries in physics?'),(21,NULL,NULL,2,'Do you like to help others in homework?'),(22,NULL,NULL,2,'Do you like to learn the experiments from the field of genetics?'),(23,NULL,NULL,2,'Do you like to design or analyze technical projects?'),(24,NULL,NULL,2,'Do you like to go to the theatre?'),(25,NULL,NULL,2,'Do you like to be guided in life logical thinking?'),(26,NULL,NULL,2,'Do you like to tell children stories?'),(27,NULL,NULL,2,'Do you like to make parts of the model cars, ships, aircraft, etc.?'),(28,NULL,NULL,2,'Do you like to grow plants?'),(29,NULL,NULL,2,'Do you like to read about modern technologies?'),(30,NULL,NULL,2,'Do you like to perform small repairs in the house?'),(31,NULL,NULL,2,'Do you like to read magazines about life?'),(32,NULL,NULL,2,'Do you like to learn the history of the world?'),(33,NULL,NULL,2,'Do you like studying science?'),(34,NULL,NULL,2,'Do you like to give others support in difficult situations?'),(35,NULL,NULL,2,'Do you like to visit the technical exhibition?'),(36,NULL,NULL,2,'Do you like to participate in contests, competitions, historical?'),(37,NULL,NULL,2,'Do you like to read about computer programs?'),(38,NULL,NULL,2,'Do you like to fix different devices?'),(39,NULL,NULL,2,'Do you like to give commands?'),(40,NULL,NULL,2,'Do you like to motivate others to work?'),(41,NULL,NULL,2,'Do you like to support others in difficult times?'),(42,NULL,NULL,2,'Do you like to design the interior design?'),(43,NULL,NULL,2,'Do you like remove minor accident?'),(44,NULL,NULL,2,'Do you like to manage other people\'s work?'),(45,NULL,NULL,2,'Do you like to draw?'),(46,NULL,NULL,2,'Do you hold classes?'),(47,NULL,NULL,2,'Do you like to write articles?'),(48,NULL,NULL,2,'Do you like to plan trips?'),(49,NULL,NULL,2,'Do you like to care for the sick?'),(50,NULL,NULL,2,'Do you like to take pictures?'),(51,NULL,NULL,2,'Do you like to make the balance of the costs?');
/*!40000 ALTER TABLE `question` ENABLE KEYS */;
UNLOCK TABLES;

--
-- Table structure for table `question_option`
--

DROP TABLE IF EXISTS `question_option`;
/*!40101 SET @saved_cs_client     = @@character_set_client */;
/*!40101 SET character_set_client = utf8 */;
CREATE TABLE `question_option` (
  `id` bigint(20) NOT NULL AUTO_INCREMENT,
  `value` varchar(255) DEFAULT NULL,
  `question_id` bigint(20) DEFAULT NULL,
  PRIMARY KEY (`id`),
  KEY `FK_81c44qermc4v4ou5mxfjxe1es` (`question_id`),
  CONSTRAINT `FK_81c44qermc4v4ou5mxfjxe1es` FOREIGN KEY (`question_id`) REFERENCES `question` (`id`)
) ENGINE=InnoDB AUTO_INCREMENT=103 DEFAULT CHARSET=utf8;
/*!40101 SET character_set_client = @saved_cs_client */;

--
-- Dumping data for table `question_option`
--

LOCK TABLES `question_option` WRITE;
/*!40000 ALTER TABLE `question_option` DISABLE KEYS */;
INSERT INTO `question_option` VALUES (1,'Yes',1),(2,'No',1),(3,'Yes',2),(4,'No',2),(5,'Yes',3),(6,'No',3),(7,'Yes',4),(8,'No',4),(9,'Yes',5),(10,'No',5),(11,'Yes',6),(12,'No',6),(13,'Yes',7),(14,'No',7),(15,'Yes',8),(16,'No',8),(17,'Yes',9),(18,'No',9),(19,'Yes',10),(20,'No',10),(21,'Yes',11),(22,'No',11),(23,'Yes',12),(24,'No',12),(25,'Yes',13),(26,'No',13),(27,'Yes',14),(28,'No',14),(29,'Yes',15),(30,'No',15),(31,'Yes',16),(32,'No',16),(33,'Yes',17),(34,'No',17),(35,'Yes',18),(36,'No',18),(37,'Yes',19),(38,'No',19),(39,'Yes',20),(40,'No',20),(41,'Yes',21),(42,'No',21),(43,'Yes',22),(44,'No',22),(45,'Yes',23),(46,'No',23),(47,'Yes',24),(48,'No',24),(49,'Yes',25),(50,'No',25),(51,'Yes',26),(52,'No',26),(53,'Yes',27),(54,'No',27),(55,'Yes',28),(56,'No',28),(57,'Yes',29),(58,'No',29),(59,'Yes',30),(60,'No',30),(61,'Yes',31),(62,'No',31),(63,'Yes',32),(64,'No',32),(65,'Yes',33),(66,'No',33),(67,'Yes',34),(68,'No',34),(69,'Yes',35),(70,'No',35),(71,'Yes',36),(72,'No',36),(73,'Yes',37),(74,'No',37),(75,'Yes',38),(76,'No',38),(77,'Yes',39),(78,'No',39),(79,'Yes',40),(80,'No',40),(81,'Yes',41),(82,'No',41),(83,'Yes',42),(84,'No',42),(85,'Yes',43),(86,'No',43),(87,'Yes',44),(88,'No',44),(89,'Yes',45),(90,'No',45),(91,'Yes',46),(92,'No',46),(93,'Yes',47),(94,'No',47),(95,'Yes',48),(96,'No',48),(97,'Yes',49),(98,'No',49),(99,'Yes',50),(100,'No',50),(101,'Yes',51),(102,'No',51);
/*!40000 ALTER TABLE `question_option` ENABLE KEYS */;
UNLOCK TABLES;

--
-- Table structure for table `search`
--

DROP TABLE IF EXISTS `search`;
/*!40101 SET @saved_cs_client     = @@character_set_client */;
/*!40101 SET character_set_client = utf8 */;
CREATE TABLE `search` (
  `id` bigint(20) NOT NULL AUTO_INCREMENT,
  `created_at` datetime DEFAULT NULL,
  `user_id` bigint(20) DEFAULT NULL,
  PRIMARY KEY (`id`),
  KEY `FK_hj0kk1r8qk27ep49hl6w0jsmi` (`user_id`),
  CONSTRAINT `FK_hj0kk1r8qk27ep49hl6w0jsmi` FOREIGN KEY (`user_id`) REFERENCES `user` (`id`)
) ENGINE=InnoDB DEFAULT CHARSET=utf8;
/*!40101 SET character_set_client = @saved_cs_client */;

--
-- Dumping data for table `search`
--

LOCK TABLES `search` WRITE;
/*!40000 ALTER TABLE `search` DISABLE KEYS */;
/*!40000 ALTER TABLE `search` ENABLE KEYS */;
UNLOCK TABLES;

--
-- Table structure for table `search_answers`
--

DROP TABLE IF EXISTS `search_answers`;
/*!40101 SET @saved_cs_client     = @@character_set_client */;
/*!40101 SET character_set_client = utf8 */;
CREATE TABLE `search_answers` (
  `search_id` bigint(20) NOT NULL,
  `answers_id` bigint(20) NOT NULL,
  UNIQUE KEY `UK_idud0oj55tby09jjw2gm985o4` (`answers_id`),
  KEY `FK_8bmi5jnsj2gl3yf97o5oydf74` (`search_id`),
  CONSTRAINT `FK_8bmi5jnsj2gl3yf97o5oydf74` FOREIGN KEY (`search_id`) REFERENCES `search` (`id`),
  CONSTRAINT `FK_idud0oj55tby09jjw2gm985o4` FOREIGN KEY (`answers_id`) REFERENCES `answer` (`id`)
) ENGINE=InnoDB DEFAULT CHARSET=utf8;
/*!40101 SET character_set_client = @saved_cs_client */;

--
-- Dumping data for table `search_answers`
--

LOCK TABLES `search_answers` WRITE;
/*!40000 ALTER TABLE `search_answers` DISABLE KEYS */;
/*!40000 ALTER TABLE `search_answers` ENABLE KEYS */;
UNLOCK TABLES;

--
-- Table structure for table `user`
--

DROP TABLE IF EXISTS `user`;
/*!40101 SET @saved_cs_client     = @@character_set_client */;
/*!40101 SET character_set_client = utf8 */;
CREATE TABLE `user` (
  `id` bigint(20) NOT NULL AUTO_INCREMENT,
  `email` varchar(255) DEFAULT NULL,
  `name` varchar(255) DEFAULT NULL,
  PRIMARY KEY (`id`)
) ENGINE=InnoDB DEFAULT CHARSET=utf8;
/*!40101 SET character_set_client = @saved_cs_client */;

--
-- Dumping data for table `user`
--

LOCK TABLES `user` WRITE;
/*!40000 ALTER TABLE `user` DISABLE KEYS */;
/*!40000 ALTER TABLE `user` ENABLE KEYS */;
UNLOCK TABLES;

--
-- Table structure for table `user_searches`
--

DROP TABLE IF EXISTS `user_searches`;
/*!40101 SET @saved_cs_client     = @@character_set_client */;
/*!40101 SET character_set_client = utf8 */;
CREATE TABLE `user_searches` (
  `user_id` bigint(20) NOT NULL,
  `searches_id` bigint(20) NOT NULL,
  UNIQUE KEY `UK_4a5f1uik38g104jyalxbnf5qg` (`searches_id`),
  KEY `FK_87wm26e7dml8igimiktvhfd37` (`user_id`),
  CONSTRAINT `FK_4a5f1uik38g104jyalxbnf5qg` FOREIGN KEY (`searches_id`) REFERENCES `search` (`id`),
  CONSTRAINT `FK_87wm26e7dml8igimiktvhfd37` FOREIGN KEY (`user_id`) REFERENCES `user` (`id`)
) ENGINE=InnoDB DEFAULT CHARSET=utf8;
/*!40101 SET character_set_client = @saved_cs_client */;

--
-- Dumping data for table `user_searches`
--

LOCK TABLES `user_searches` WRITE;
/*!40000 ALTER TABLE `user_searches` DISABLE KEYS */;
/*!40000 ALTER TABLE `user_searches` ENABLE KEYS */;
UNLOCK TABLES;
/*!40103 SET TIME_ZONE=@OLD_TIME_ZONE */;

/*!40101 SET SQL_MODE=@OLD_SQL_MODE */;
/*!40014 SET FOREIGN_KEY_CHECKS=@OLD_FOREIGN_KEY_CHECKS */;
/*!40014 SET UNIQUE_CHECKS=@OLD_UNIQUE_CHECKS */;
/*!40101 SET CHARACTER_SET_CLIENT=@OLD_CHARACTER_SET_CLIENT */;
/*!40101 SET CHARACTER_SET_RESULTS=@OLD_CHARACTER_SET_RESULTS */;
/*!40101 SET COLLATION_CONNECTION=@OLD_COLLATION_CONNECTION */;
/*!40111 SET SQL_NOTES=@OLD_SQL_NOTES */;

-- Dump completed on 2016-06-07  1:20:47
